crop,site_code,harvest_month,year,anpp,n_amt,n_cat,ppt,type,wue
maize,KBS,9,1999,13653.72417,27.0,Low,636.2406,Croplands,21.460001405128814
maize,KBS,9,1999,14928.55647,97.0,Low,636.2406,Croplands,23.463696705302993
maize,KBS,9,1999,11534.58003,115.0,High,636.2406,Croplands,18.129273784162784
maize,KBS,10,1990,10850.0,0.0,No,973.15,Croplands,11.149360324718698
maize,KBS,10,1990,11334.81917,28.0,Low,973.15,Croplands,11.647556049940915
maize,KBS,10,1991,14291.1477,124.0,High,1044.92,Croplands,13.67678645255139
maize,KBS,10,1993,8833.324733,0.0,No,956.13,Croplands,9.238623129699935
maize,KBS,10,1993,12013.9341,60.0,Low,956.13,Croplands,12.565168021084999
maize,KBS,10,1993,15488.48062,84.0,Low,956.13,Croplands,16.199136749186827
maize,KBS,10,1996,8822.73,0.0,No,691.8,Croplands,12.753295750216825
maize,KBS,10,1996,10138.34667,55.0,Low,691.8,Croplands,14.655025542064182
maize,KBS,10,1996,10177.75333,138.0,High,691.8,Croplands,14.711988045677941
maize,KBS,10,1996,9253.303333,189.0,High,691.8,Croplands,13.375691432494941
maize,KBS,10,2002,11298.24849,28.0,Low,758.3424,Croplands,14.898611089133352
maize,KBS,10,2002,11262.72297,162.0,High,758.3424,Croplands,14.85176480966909
maize,KBS,10,2002,10709.44953,163.0,High,758.3424,Croplands,14.122182183140492
maize,KBS,10,2005,12259.52533,0.0,No,753.1504,Croplands,16.277658924432625
maize,KBS,10,2005,14810.15667,33.0,Low,753.1504,Croplands,19.66427511689564
maize,KBS,10,2005,15823.73,157.0,High,753.1504,Croplands,21.010053237706572
maize,KBS,10,2008,9371.588,33.0,Low,1161.554,Croplands,8.068146638038352
maize,KBS,10,2008,12360.255,147.0,High,1161.554,Croplands,10.64113678744165
maize,KBS,10,2011,11878.30267,124.0,High,1064.54,Croplands,11.158155325304826
maize,KBS,10,2011,18224.51667,157.0,High,1064.54,Croplands,17.11961661374866
maize,KBS,10,2011,18086.20867,158.0,High,1064.54,Croplands,16.98969383019896
maize,KBS,10,2011,21789.48533,159.0,High,1064.54,Croplands,20.468451471997295
maize,KBS,10,2014,11146.06233,0.0,No,963.35,Croplands,11.570106742097888
maize,KBS,10,2014,19123.485,44.0,Low,963.35,Croplands,19.851025068770436
maize,KBS,10,2014,20037.36367,168.0,High,963.35,Croplands,20.79967163543883
maize,KBS,10,2017,5547.6,0.0,No,1081.0,Croplands,5.131914893617021
maize,KBS,10,2017,15014.40333,34.0,Low,1081.0,Croplands,13.889364782608695
maize,KBS,10,2017,15862.52333,172.0,High,1081.0,Croplands,14.6739346253469
maize,KBS,10,2017,15900.69667,173.0,High,1081.0,Croplands,14.709247613320999
maize,KBS,10,2020,11907.44667,0.0,No,1043.0,Croplands,11.416535637583891
maize,KBS,10,2020,16965.82667,284.0,High,1043.0,Croplands,16.266372646212847
maize,KBS,10,2020,15059.319,500.0,High,1043.0,Croplands,14.438465004793864
maize,PRHPA,8,2012,10918.90133,0.0,No,409.957,Croplands,26.634260007756914
maize,PRHPA,8,2012,10918.90133,0.0,No,409.957,Pasture,26.634260007756914
maize,PRHPA,8,2012,10099.0316,89.998,Low,409.957,Croplands,24.634367994692127
maize,PRHPA,8,2012,10099.0316,89.998,Low,409.957,Pasture,24.634367994692127
maize,PRHPA,8,2012,12623.138,179.996,High,409.957,Croplands,30.791370802303657
maize,PRHPA,8,2012,12623.138,179.996,High,409.957,Pasture,30.791370802303657
maize,PRHPA,8,2012,7174.866667,0.0,No,409.957,Croplands,17.50151032181424
maize,PRHPA,8,2012,7174.866667,0.0,No,409.957,Pasture,17.50151032181424
maize,PRHPA,8,2012,7766.225,60.0,Low,409.957,Croplands,18.943999004773673
maize,PRHPA,8,2012,7766.225,60.0,Low,409.957,Pasture,18.943999004773673
maize,PRHPA,8,2012,9032.325,120.0,High,409.957,Croplands,22.032371687762378
maize,PRHPA,8,2012,9032.325,120.0,High,409.957,Pasture,22.032371687762378
maize,PRHPA,8,2012,8621.6875,180.0,High,409.957,Croplands,21.030711757574576
maize,PRHPA,8,2012,8621.6875,180.0,High,409.957,Pasture,21.030711757574576
maize,PRHPA,9,1984,11216.7475,0.0,No,790.1950007,Croplands,14.194910737303529
maize,PRHPA,9,1984,11216.7475,0.0,No,790.1950007,Pasture,14.194910737303529
maize,PRHPA,9,1984,10545.5845,89.998,Low,790.1950007,Croplands,13.345546973415571
maize,PRHPA,9,1984,10545.5845,89.998,Low,790.1950007,Pasture,13.345546973415571
maize,PRHPA,9,1984,11559.65313,179.996,High,790.1950007,Croplands,14.628861382013044
maize,PRHPA,9,1984,11559.65313,179.996,High,790.1950007,Pasture,14.628861382013044
maize,PRHPA,9,1985,15024.2925,0.0,No,761.8769963,Croplands,19.72010255325253
maize,PRHPA,9,1985,15024.2925,0.0,No,761.8769963,Pasture,19.72010255325253
maize,PRHPA,9,1985,15501.677,89.998,Low,761.8769963,Croplands,20.346692543918195
maize,PRHPA,9,1985,15501.677,89.998,Low,761.8769963,Pasture,20.346692543918195
maize,PRHPA,9,1985,17089.37938,179.996,High,761.8769963,Croplands,22.430627861181428
maize,PRHPA,9,1985,17089.37938,179.996,High,761.8769963,Pasture,22.430627861181428
maize,PRHPA,9,1987,13732.872,0.0,No,800.1190018,Croplands,17.163536885270357
maize,PRHPA,9,1987,13732.872,0.0,No,800.1190018,Pasture,17.163536885270357
maize,PRHPA,9,1987,12609.6996,89.998,Low,800.1190018,Croplands,15.759780197236156
maize,PRHPA,9,1987,12609.6996,89.998,Low,800.1190018,Pasture,15.759780197236156
maize,PRHPA,9,1987,14234.138,179.996,High,800.1190018,Croplands,17.79002619357615
maize,PRHPA,9,1987,14234.138,179.996,High,800.1190018,Pasture,17.79002619357615
maize,PRHPA,9,1988,11088.632,0.0,No,482.346,Croplands,22.98895813378778
maize,PRHPA,9,1988,11088.632,0.0,No,482.346,Pasture,22.98895813378778
maize,PRHPA,9,1988,10501.7268,89.998,Low,482.346,Croplands,21.772185941212324
maize,PRHPA,9,1988,10501.7268,89.998,Low,482.346,Pasture,21.772185941212324
maize,PRHPA,9,1988,13052.166,179.996,High,482.346,Croplands,27.059757933101963
maize,PRHPA,9,1988,13052.166,179.996,High,482.346,Pasture,27.059757933101963
maize,PRHPA,9,1989,10229.78533,0.0,No,543.052,Croplands,18.837579697708506
maize,PRHPA,9,1989,10229.78533,0.0,No,543.052,Pasture,18.837579697708506
maize,PRHPA,9,1989,10646.308,89.998,Low,543.052,Croplands,19.604582986527994
maize,PRHPA,9,1989,10646.308,89.998,Low,543.052,Pasture,19.604582986527994
maize,PRHPA,9,1989,12315.6595,179.996,High,543.052,Croplands,22.6786007601482
maize,PRHPA,9,1989,12315.6595,179.996,High,543.052,Pasture,22.6786007601482
maize,PRHPA,9,1990,11044.40533,0.0,No,593.5019994,Croplands,18.608876366322818
maize,PRHPA,9,1990,11044.40533,0.0,No,593.5019994,Pasture,18.608876366322818
maize,PRHPA,9,1990,13520.2544,89.998,Low,593.5019994,Croplands,22.78046984453006
maize,PRHPA,9,1990,13520.2544,89.998,Low,593.5019994,Pasture,22.78046984453006
maize,PRHPA,9,1990,14746.4765,179.996,High,593.5019994,Croplands,24.84654898367306
maize,PRHPA,9,1990,14746.4765,179.996,High,593.5019994,Pasture,24.84654898367306
maize,PRHPA,9,1991,12403.37867,0.0,No,758.359999,Croplands,16.355528622759017
maize,PRHPA,9,1991,12403.37867,0.0,No,758.359999,Pasture,16.355528622759017
maize,PRHPA,9,1991,12964.9548,89.998,Low,758.359999,Croplands,17.0960425353342
maize,PRHPA,9,1991,12964.9548,89.998,Low,758.359999,Pasture,17.0960425353342
maize,PRHPA,9,1991,13241.41,179.996,High,758.359999,Croplands,17.460586024395518
maize,PRHPA,9,1991,13241.41,179.996,High,758.359999,Pasture,17.460586024395518
maize,PRHPA,9,1994,16604.31267,0.0,No,794.062,Croplands,20.910599764250147
maize,PRHPA,9,1994,16604.31267,0.0,No,794.062,Pasture,20.910599764250147
maize,PRHPA,9,1994,16223.0324,89.998,Low,794.062,Croplands,20.430435406807025
maize,PRHPA,9,1994,16223.0324,89.998,Low,794.062,Pasture,20.430435406807025
maize,PRHPA,9,1994,19448.592,179.996,High,794.062,Croplands,24.492535847326785
maize,PRHPA,9,1994,19448.592,179.996,High,794.062,Pasture,24.492535847326785
maize,PRHPA,9,1995,5907.936667,0.0,No,590.07,Croplands,10.012264082227532
maize,PRHPA,9,1995,5907.936667,0.0,No,590.07,Pasture,10.012264082227532
maize,PRHPA,9,1995,5447.4684,89.998,Low,590.07,Croplands,9.231901977731454
maize,PRHPA,9,1995,5447.4684,89.998,Low,590.07,Pasture,9.231901977731454
maize,PRHPA,9,1995,6910.732,179.996,High,590.07,Croplands,11.711715559170944
maize,PRHPA,9,1995,6910.732,179.996,High,590.07,Pasture,11.711715559170944
maize,PRHPA,9,1998,14532.16667,0.0,No,849.17,Croplands,17.113377380265437
maize,PRHPA,9,1998,14532.16667,0.0,No,849.17,Pasture,17.113377380265437
maize,PRHPA,9,1998,14401.5724,89.998,Low,849.17,Croplands,16.959586890728595
maize,PRHPA,9,1998,14401.5724,89.998,Low,849.17,Pasture,16.959586890728595
maize,PRHPA,9,1998,16376.0775,179.996,High,849.17,Croplands,19.284804573878024
maize,PRHPA,9,1998,16376.0775,179.996,High,849.17,Pasture,19.284804573878024
maize,PRHPA,9,1999,13733.838,0.0,No,812.749,Croplands,16.898006641656895
maize,PRHPA,9,1999,13733.838,0.0,No,812.749,Pasture,16.898006641656895
maize,PRHPA,9,1999,14616.1756,89.998,Low,812.749,Croplands,17.983627909723666
maize,PRHPA,9,1999,14616.1756,89.998,Low,812.749,Pasture,17.983627909723666
maize,PRHPA,9,1999,17118.415,179.996,High,812.749,Croplands,21.06236365716845
maize,PRHPA,9,1999,17118.415,179.996,High,812.749,Pasture,21.06236365716845
maize,PRHPA,9,2000,11839.52533,0.0,No,500.913,Croplands,23.63589152208068
maize,PRHPA,9,2000,11839.52533,0.0,No,500.913,Pasture,23.63589152208068
maize,PRHPA,9,2000,10681.7692,89.998,Low,500.913,Croplands,21.324599680982526
maize,PRHPA,9,2000,10681.7692,89.998,Low,500.913,Pasture,21.324599680982526
maize,PRHPA,9,2000,12197.403,179.996,High,500.913,Croplands,24.35034227500584
maize,PRHPA,9,2000,12197.403,179.996,High,500.913,Pasture,24.35034227500584
maize,PRHPA,9,2000,11449.9,60.0,Low,500.913,Croplands,22.8580611802848
maize,PRHPA,9,2000,11449.9,60.0,Low,500.913,Pasture,22.8580611802848
maize,PRHPA,9,2000,11005.76667,120.0,High,500.913,Croplands,21.97141353887801
maize,PRHPA,9,2000,11005.76667,120.0,High,500.913,Pasture,21.97141353887801
maize,PRHPA,9,2000,12609.36667,180.0,High,500.913,Croplands,25.172767865876907
maize,PRHPA,9,2000,12609.36667,180.0,High,500.913,Pasture,25.172767865876907
maize,PRHPA,9,2001,10363.70067,0.0,No,683.515,Croplands,15.162360255444284
maize,PRHPA,9,2001,10363.70067,0.0,No,683.515,Pasture,15.162360255444284
maize,PRHPA,9,2001,11633.934,89.998,Low,683.515,Croplands,17.020744241165154
maize,PRHPA,9,2001,11633.934,89.998,Low,683.515,Pasture,17.020744241165154
maize,PRHPA,9,2001,13037.009,179.996,High,683.515,Croplands,19.07347900192388
maize,PRHPA,9,2001,13037.009,179.996,High,683.515,Pasture,19.07347900192388
maize,PRHPA,9,2001,8611.641667,60.0,Low,683.515,Croplands,12.599052935195278
maize,PRHPA,9,2001,8611.641667,60.0,Low,683.515,Pasture,12.599052935195278
maize,PRHPA,9,2001,9521.916667,120.0,High,683.515,Croplands,13.93080863916666
maize,PRHPA,9,2001,9521.916667,120.0,High,683.515,Pasture,13.93080863916666
maize,PRHPA,9,2001,11201.36667,180.0,High,683.515,Croplands,16.387887127568526
maize,PRHPA,9,2001,11201.36667,180.0,High,683.515,Pasture,16.387887127568526
maize,PRHPA,9,2002,6738.174667,0.0,No,569.9,Croplands,11.82343335146517
maize,PRHPA,9,2002,6738.174667,0.0,No,569.9,Pasture,11.82343335146517
maize,PRHPA,9,2002,7967.73,89.998,Low,569.9,Croplands,13.98092647832953
maize,PRHPA,9,2002,7967.73,89.998,Low,569.9,Pasture,13.98092647832953
maize,PRHPA,9,2002,9161.415,179.996,High,569.9,Croplands,16.075478154062118
maize,PRHPA,9,2002,9161.415,179.996,High,569.9,Pasture,16.075478154062118
maize,PRHPA,9,2002,7686.458333,60.0,Low,569.9,Croplands,13.487380826460782
maize,PRHPA,9,2002,7686.458333,60.0,Low,569.9,Pasture,13.487380826460782
maize,PRHPA,9,2002,9063.283334,120.0,High,569.9,Croplands,15.903287127566239
maize,PRHPA,9,2002,9063.283334,120.0,High,569.9,Pasture,15.903287127566239
maize,PRHPA,9,2002,9884.4,180.0,High,569.9,Croplands,17.344095455343044
maize,PRHPA,9,2002,9884.4,180.0,High,569.9,Pasture,17.344095455343044
maize,PRHPA,9,2003,11153.88867,0.0,No,522.199,Croplands,21.359460033435532
maize,PRHPA,9,2003,11153.88867,0.0,No,522.199,Pasture,21.359460033435532
maize,PRHPA,9,2003,12753.6532,89.998,Low,522.199,Croplands,24.42297514932047
maize,PRHPA,9,2003,12753.6532,89.998,Low,522.199,Pasture,24.42297514932047
maize,PRHPA,9,2003,14630.0805,179.996,High,522.199,Croplands,28.016293596885482
maize,PRHPA,9,2003,14630.0805,179.996,High,522.199,Pasture,28.016293596885482
maize,PRHPA,9,2003,8833.825,60.0,Low,522.199,Croplands,16.916587354629176
maize,PRHPA,9,2003,8833.825,60.0,Low,522.199,Pasture,16.916587354629176
maize,PRHPA,9,2003,11986.28333,120.0,High,522.199,Croplands,22.953478137644847
maize,PRHPA,9,2003,11986.28333,120.0,High,522.199,Pasture,22.953478137644847
maize,PRHPA,9,2003,13205.85,180.0,High,522.199,Croplands,25.288922422294952
maize,PRHPA,9,2003,13205.85,180.0,High,522.199,Pasture,25.288922422294952
maize,PRHPA,9,2004,14284.63467,0.0,No,617.929,Croplands,23.11695141351191
maize,PRHPA,9,2004,14284.63467,0.0,No,617.929,Pasture,23.11695141351191
maize,PRHPA,9,2004,14696.8768,89.998,Low,617.929,Croplands,23.784086521267007
maize,PRHPA,9,2004,14696.8768,89.998,Low,617.929,Pasture,23.784086521267007
maize,PRHPA,9,2004,17269.5925,179.996,High,617.929,Croplands,27.947535234630514
maize,PRHPA,9,2004,17269.5925,179.996,High,617.929,Pasture,27.947535234630514
maize,PRHPA,9,2004,15393.75833,60.0,Low,617.929,Croplands,24.91185610320927
maize,PRHPA,9,2004,15393.75833,60.0,Low,617.929,Pasture,24.91185610320927
maize,PRHPA,9,2004,18068.56667,120.0,High,617.929,Croplands,29.24052224446498
maize,PRHPA,9,2004,18068.56667,120.0,High,617.929,Pasture,29.24052224446498
maize,PRHPA,9,2004,16508.3,180.0,High,617.929,Croplands,26.715528806707567
maize,PRHPA,9,2004,16508.3,180.0,High,617.929,Pasture,26.715528806707567
maize,PRHPA,9,2005,11364.07133,0.0,No,635.152,Croplands,17.89189253910875
maize,PRHPA,9,2005,11364.07133,0.0,No,635.152,Pasture,17.89189253910875
maize,PRHPA,9,2005,11456.0468,89.998,Low,635.152,Croplands,18.036701136106
maize,PRHPA,9,2005,11456.0468,89.998,Low,635.152,Pasture,18.036701136106
maize,PRHPA,9,2005,13492.297,179.996,High,635.152,Croplands,21.242626961735144
maize,PRHPA,9,2005,13492.297,179.996,High,635.152,Pasture,21.242626961735144
maize,PRHPA,9,2005,8830.383334,60.0,Low,635.152,Croplands,13.902787575257575
maize,PRHPA,9,2005,8830.383334,60.0,Low,635.152,Pasture,13.902787575257575
maize,PRHPA,9,2005,11155.1,120.0,High,635.152,Croplands,17.56288258558581
maize,PRHPA,9,2005,11155.1,120.0,High,635.152,Pasture,17.56288258558581
maize,PRHPA,9,2005,10200.16667,180.0,High,635.152,Croplands,16.059410456079803
maize,PRHPA,9,2005,10200.16667,180.0,High,635.152,Pasture,16.059410456079803
maize,PRHPA,9,2006,10052.825,60.0,Low,718.795,Croplands,13.985663506284826
maize,PRHPA,9,2006,10052.825,60.0,Low,718.795,Pasture,13.985663506284826
maize,PRHPA,9,2006,11709.9625,120.0,High,718.795,Croplands,16.291101774497598
maize,PRHPA,9,2006,11709.9625,120.0,High,718.795,Pasture,16.291101774497598
maize,PRHPA,9,2006,12105.975,180.0,High,718.795,Croplands,16.84204119394264
maize,PRHPA,9,2006,12105.975,180.0,High,718.795,Pasture,16.84204119394264
maize,PRHPA,9,2007,10574.29333,0.0,No,843.052,Croplands,12.542872005522792
maize,PRHPA,9,2007,10574.29333,0.0,No,843.052,Pasture,12.542872005522792
maize,PRHPA,9,2007,12849.8,89.998,Low,843.052,Croplands,15.242001679611695
maize,PRHPA,9,2007,12849.8,89.998,Low,843.052,Pasture,15.242001679611695
maize,PRHPA,9,2007,16456.4695,179.996,High,843.052,Croplands,19.52011204528309
maize,PRHPA,9,2007,16456.4695,179.996,High,843.052,Pasture,19.52011204528309
maize,PRHPA,9,2007,10079.175,60.0,Low,843.052,Croplands,11.955579252525347
maize,PRHPA,9,2007,10079.175,60.0,Low,843.052,Pasture,11.955579252525347
maize,PRHPA,9,2007,12975.4,120.0,High,843.052,Croplands,15.390984186028856
maize,PRHPA,9,2007,12975.4,120.0,High,843.052,Pasture,15.390984186028856
maize,PRHPA,9,2007,12320.35,180.0,High,843.052,Croplands,14.613985851406555
maize,PRHPA,9,2007,12320.35,180.0,High,843.052,Pasture,14.613985851406555
maize,PRHPA,9,2008,13404.21333,0.0,No,982.142,Croplands,13.647938210564256
maize,PRHPA,9,2008,13404.21333,0.0,No,982.142,Pasture,13.647938210564256
maize,PRHPA,9,2008,13775.0092,89.998,Low,982.142,Croplands,14.025476153142824
maize,PRHPA,9,2008,13775.0092,89.998,Low,982.142,Pasture,14.025476153142824
maize,PRHPA,9,2008,15974.8515,179.996,High,982.142,Croplands,16.265317540640762
maize,PRHPA,9,2008,15974.8515,179.996,High,982.142,Pasture,16.265317540640762
maize,PRHPA,9,2008,8567.3875,60.0,Low,982.142,Croplands,8.723165794762876
maize,PRHPA,9,2008,8567.3875,60.0,Low,982.142,Pasture,8.723165794762876
maize,PRHPA,9,2008,11963.2125,120.0,High,982.142,Croplands,12.180736085006037
maize,PRHPA,9,2008,11963.2125,120.0,High,982.142,Pasture,12.180736085006037
maize,PRHPA,9,2008,13036.325,180.0,High,982.142,Croplands,13.273360674932952
maize,PRHPA,9,2008,13036.325,180.0,High,982.142,Pasture,13.273360674932952
maize,PRHPA,9,2010,13274.14533,0.0,No,982.625,Croplands,13.50886180384175
maize,PRHPA,9,2010,13274.14533,0.0,No,982.625,Pasture,13.50886180384175
maize,PRHPA,9,2010,15183.4636,89.998,Low,982.625,Croplands,15.451941076198956
maize,PRHPA,9,2010,15183.4636,89.998,Low,982.625,Pasture,15.451941076198956
maize,PRHPA,9,2010,18767.6895,179.996,High,982.625,Croplands,19.099544078361532
maize,PRHPA,9,2010,18767.6895,179.996,High,982.625,Pasture,19.099544078361532
maize,PRHPA,9,2010,10791.925,60.0,Low,982.625,Croplands,10.982750286223126
maize,PRHPA,9,2010,10791.925,60.0,Low,982.625,Pasture,10.982750286223126
maize,PRHPA,9,2010,12647.3,120.0,High,982.625,Croplands,12.870932451342068
maize,PRHPA,9,2010,12647.3,120.0,High,982.625,Pasture,12.870932451342068
maize,PRHPA,9,2010,11549.8125,180.0,High,982.625,Croplands,11.754038926345249
maize,PRHPA,9,2010,11549.8125,180.0,High,982.625,Pasture,11.754038926345249
maize,PRHPA,9,2011,10766.13067,0.0,No,660.629,Croplands,16.29678786429297
maize,PRHPA,9,2011,10766.13067,0.0,No,660.629,Pasture,16.29678786429297
maize,PRHPA,9,2011,12576.556,89.998,Low,660.629,Croplands,19.03724480760003
maize,PRHPA,9,2011,12576.556,89.998,Low,660.629,Pasture,19.03724480760003
maize,PRHPA,9,2011,15799.6825,179.996,High,660.629,Croplands,23.916120091609663
maize,PRHPA,9,2011,15799.6825,179.996,High,660.629,Pasture,23.916120091609663
maize,PRHPA,9,2011,10421.11667,0.0,No,660.629,Croplands,15.774537100248399
maize,PRHPA,9,2011,10421.11667,0.0,No,660.629,Pasture,15.774537100248399
maize,PRHPA,9,2011,9888.625,60.0,Low,660.629,Croplands,14.96849971769329
maize,PRHPA,9,2011,9888.625,60.0,Low,660.629,Pasture,14.96849971769329
maize,PRHPA,9,2011,13417.7125,120.0,High,660.629,Croplands,20.310510891892424
maize,PRHPA,9,2011,13417.7125,120.0,High,660.629,Pasture,20.310510891892424
maize,PRHPA,9,2011,11999.75,180.0,High,660.629,Croplands,18.16412842911831
maize,PRHPA,9,2011,11999.75,180.0,High,660.629,Pasture,18.16412842911831
maize,PRHPA,9,2013,9202.716667,0.0,No,576.224,Croplands,15.970727819389682
maize,PRHPA,9,2013,9202.716667,0.0,No,576.224,Pasture,15.970727819389682
maize,PRHPA,9,2013,11659.775,60.0,Low,576.224,Croplands,20.234795843283166
maize,PRHPA,9,2013,11659.775,60.0,Low,576.224,Pasture,20.234795843283166
maize,PRHPA,9,2013,14944.175,120.0,High,576.224,Croplands,25.934662561781526
maize,PRHPA,9,2013,14944.175,120.0,High,576.224,Pasture,25.934662561781526
maize,PRHPA,9,2013,14057.3375,180.0,High,576.224,Croplands,24.395612643694115
maize,PRHPA,9,2013,14057.3375,180.0,High,576.224,Pasture,24.395612643694115
maize,PRHPA,9,2014,9173.534,0.0,No,771.627,Croplands,11.888560146288297
maize,PRHPA,9,2014,9173.534,0.0,No,771.627,Pasture,11.888560146288297
maize,PRHPA,9,2014,11451.2348,89.998,Low,771.627,Croplands,14.840375984769844
maize,PRHPA,9,2014,11451.2348,89.998,Low,771.627,Pasture,14.840375984769844
maize,PRHPA,9,2014,13668.7745,179.996,High,771.627,Croplands,17.71422526687117
maize,PRHPA,9,2014,13668.7745,179.996,High,771.627,Pasture,17.71422526687117
maize,PRHPA,9,2014,7635.200001,0.0,No,771.627,Croplands,9.894936285277732
maize,PRHPA,9,2014,7635.200001,0.0,No,771.627,Pasture,9.894936285277732
maize,PRHPA,9,2014,12856.9,60.0,Low,771.627,Croplands,16.66206599820898
maize,PRHPA,9,2014,12856.9,60.0,Low,771.627,Pasture,16.66206599820898
maize,PRHPA,9,2014,13789.6875,120.0,High,771.627,Croplands,17.870924034540007
maize,PRHPA,9,2014,13789.6875,120.0,High,771.627,Pasture,17.870924034540007
maize,PRHPA,9,2014,11884.1375,180.0,High,771.627,Croplands,15.401401843118503
maize,PRHPA,9,2014,11884.1375,180.0,High,771.627,Pasture,15.401401843118503
maize,PRHPA,9,2016,13705.21267,0.0,No,975.589,Croplands,14.048141860968093
maize,PRHPA,9,2016,13705.21267,0.0,No,975.589,Pasture,14.048141860968093
maize,PRHPA,9,2016,14471.728,89.998,Low,975.589,Croplands,14.833836789877703
maize,PRHPA,9,2016,14471.728,89.998,Low,975.589,Pasture,14.833836789877703
maize,PRHPA,9,2016,18643.856,179.996,High,975.589,Croplands,19.11035897288715
maize,PRHPA,9,2016,18643.856,179.996,High,975.589,Pasture,19.11035897288715
maize,PRHPA,9,2016,11148.25,0.0,No,975.589,Croplands,11.427199363666462
maize,PRHPA,9,2016,11148.25,0.0,No,975.589,Pasture,11.427199363666462
maize,PRHPA,9,2016,16083.97,60.0,Low,975.589,Croplands,16.48641999858547
maize,PRHPA,9,2016,16083.97,60.0,Low,975.589,Pasture,16.48641999858547
maize,PRHPA,9,2016,17558.25,120.0,High,975.589,Croplands,17.99758914870914
maize,PRHPA,9,2016,17558.25,120.0,High,975.589,Pasture,17.99758914870914
maize,PRHPA,9,2016,15991.74167,180.0,High,975.589,Croplands,16.391883949081016
maize,PRHPA,9,2016,15991.74167,180.0,High,975.589,Pasture,16.391883949081016
maize,PRHPA,9,2018,12973.37133,0.0,No,719.684,Croplands,18.026482914723687
maize,PRHPA,9,2018,12973.37133,0.0,No,719.684,Pasture,18.026482914723687
maize,PRHPA,9,2018,11709.0172,89.998,Low,719.684,Croplands,16.269664463848024
maize,PRHPA,9,2018,11709.0172,89.998,Low,719.684,Pasture,16.269664463848024
maize,PRHPA,9,2018,15404.571,179.996,High,719.684,Croplands,21.40463175504805
maize,PRHPA,9,2018,15404.571,179.996,High,719.684,Pasture,21.40463175504805
maize,PRHPA,10,1986,15287.76667,0.0,No,1012.173011,Croplands,15.103906648228147
maize,PRHPA,10,1986,15287.76667,0.0,No,1012.173011,Pasture,15.103906648228147
maize,PRHPA,10,1986,14565.385,89.998,Low,1012.173011,Croplands,14.390212781518239
maize,PRHPA,10,1986,14565.385,89.998,Low,1012.173011,Pasture,14.390212781518239
maize,PRHPA,10,1986,17197.64875,179.996,High,1012.173011,Croplands,16.990819319524416
maize,PRHPA,10,1986,17197.64875,179.996,High,1012.173011,Pasture,16.990819319524416
maize,PRHPA,10,1992,14989.54867,0.0,No,683.4499992,Croplands,21.932180390000358
maize,PRHPA,10,1992,14989.54867,0.0,No,683.4499992,Pasture,21.932180390000358
maize,PRHPA,10,1992,15320.6492,89.998,Low,683.4499992,Croplands,22.41663503977366
maize,PRHPA,10,1992,15320.6492,89.998,Low,683.4499992,Pasture,22.41663503977366
maize,PRHPA,10,1992,18407.118,179.996,High,683.4499992,Croplands,26.932647628277294
maize,PRHPA,10,1992,18407.118,179.996,High,683.4499992,Pasture,26.932647628277294
maize,PRHPA,10,1993,13638.074,0.0,No,1016.948004,Croplands,13.410787912810536
maize,PRHPA,10,1993,13638.074,0.0,No,1016.948004,Pasture,13.410787912810536
maize,PRHPA,10,1993,12821.6212,89.998,Low,1016.948004,Croplands,12.607941752742748
maize,PRHPA,10,1993,12821.6212,89.998,Low,1016.948004,Pasture,12.607941752742748
maize,PRHPA,10,1993,15934.8135,179.996,High,1016.948004,Croplands,15.669250971852048
maize,PRHPA,10,1993,15934.8135,179.996,High,1016.948004,Pasture,15.669250971852048
maize,PRHPA,10,1996,13860.766,0.0,No,543.51,Croplands,25.5023201045059
maize,PRHPA,10,1996,13860.766,0.0,No,543.51,Pasture,25.5023201045059
maize,PRHPA,10,1996,13421.274,89.998,Low,543.51,Croplands,24.693702047800407
maize,PRHPA,10,1996,13421.274,89.998,Low,543.51,Pasture,24.693702047800407
maize,PRHPA,10,1996,14221.1345,179.996,High,543.51,Croplands,26.165359423009697
maize,PRHPA,10,1996,14221.1345,179.996,High,543.51,Pasture,26.165359423009697
maize,PRHPA,10,1997,11154.92867,0.0,No,641.477,Croplands,17.389444469560093
maize,PRHPA,10,1997,11154.92867,0.0,No,641.477,Pasture,17.389444469560093
maize,PRHPA,10,1997,11821.2248,89.998,Low,641.477,Croplands,18.42813506953484
maize,PRHPA,10,1997,11821.2248,89.998,Low,641.477,Pasture,18.42813506953484
maize,PRHPA,10,1997,14142.0035,179.996,High,641.477,Croplands,22.046002428769857
maize,PRHPA,10,1997,14142.0035,179.996,High,641.477,Pasture,22.046002428769857
maize,PRHPA,10,2006,12289.35,0.0,No,692.887,Croplands,17.73644187291723
maize,PRHPA,10,2006,12289.35,0.0,No,692.887,Pasture,17.73644187291723
maize,PRHPA,10,2006,13902.6728,89.998,Low,692.887,Croplands,20.064848669407855
maize,PRHPA,10,2006,13902.6728,89.998,Low,692.887,Pasture,20.064848669407855
maize,PRHPA,10,2006,16269.48475,179.996,High,692.887,Croplands,23.480718717482073
maize,PRHPA,10,2006,16269.48475,179.996,High,692.887,Pasture,23.480718717482073
maize,PRHPA,10,2009,15952.908,0.0,No,665.785,Croplands,23.96105048927206
maize,PRHPA,10,2009,15952.908,0.0,No,665.785,Pasture,23.96105048927206
maize,PRHPA,10,2009,15344.6508,89.998,Low,665.785,Croplands,23.047456461169897
maize,PRHPA,10,2009,15344.6508,89.998,Low,665.785,Pasture,23.047456461169897
maize,PRHPA,10,2009,19978.0425,179.996,High,665.785,Croplands,30.0067476737986
maize,PRHPA,10,2009,19978.0425,179.996,High,665.785,Pasture,30.0067476737986
maize,PRHPA,10,2009,11963.38125,60.0,Low,665.785,Croplands,17.968835660160565
maize,PRHPA,10,2009,11963.38125,60.0,Low,665.785,Pasture,17.968835660160565
maize,PRHPA,10,2009,13301.8,120.0,High,665.785,Croplands,19.97912238935993
maize,PRHPA,10,2009,13301.8,120.0,High,665.785,Pasture,19.97912238935993
maize,PRHPA,10,2009,13983.4125,180.0,High,665.785,Croplands,21.002895078741638
maize,PRHPA,10,2009,13983.4125,180.0,High,665.785,Pasture,21.002895078741638
maize,PRHPA,10,2013,10668.424,0.0,No,625.246,Croplands,17.06276249668131
maize,PRHPA,10,2013,10668.424,0.0,No,625.246,Pasture,17.06276249668131
maize,PRHPA,10,2013,13001.5532,90.022,Low,625.246,Croplands,20.794300483329764
maize,PRHPA,10,2013,13001.5532,90.022,Low,625.246,Pasture,20.794300483329764
maize,PRHPA,10,2013,15196.292,179.998,High,625.246,Croplands,24.3045009484267
maize,PRHPA,10,2013,15196.292,179.998,High,625.246,Pasture,24.3045009484267
maize,PRHPA,10,2015,10833.57133,0.0,No,847.04,Croplands,12.789917040517569
maize,PRHPA,10,2015,10833.57133,0.0,No,847.04,Pasture,12.789917040517569
maize,PRHPA,10,2015,13784.4584,89.998,Low,847.04,Croplands,16.273680581790707
maize,PRHPA,10,2015,13784.4584,89.998,Low,847.04,Pasture,16.273680581790707
maize,PRHPA,10,2015,18184.1205,179.996,High,847.04,Croplands,21.467841542312055
maize,PRHPA,10,2015,18184.1205,179.996,High,847.04,Pasture,21.467841542312055
maize,PRHPA,10,2015,10303.61667,0.0,No,847.04,Croplands,12.164262219021534
maize,PRHPA,10,2015,10303.61667,0.0,No,847.04,Pasture,12.164262219021534
maize,PRHPA,10,2015,15695.0625,60.0,Low,847.04,Croplands,18.529304991499814
maize,PRHPA,10,2015,15695.0625,60.0,Low,847.04,Pasture,18.529304991499814
maize,PRHPA,10,2015,16405.525,120.0,High,847.04,Croplands,19.3680640819796
maize,PRHPA,10,2015,16405.525,120.0,High,847.04,Pasture,19.3680640819796
maize,PRHPA,10,2015,13022.525,180.0,High,847.04,Croplands,15.374155884019645
maize,PRHPA,10,2015,13022.525,180.0,High,847.04,Pasture,15.374155884019645
maize,PRHPA,10,2017,11670.002,0.0,No,827.28,Croplands,14.106471811236824
maize,PRHPA,10,2017,11670.002,0.0,No,827.28,Pasture,14.106471811236824
maize,PRHPA,10,2017,12635.9632,90.022,Low,827.28,Croplands,15.274106952905909
maize,PRHPA,10,2017,12635.9632,90.022,Low,827.28,Pasture,15.274106952905909
maize,PRHPA,10,2017,15248.972,179.998,High,827.28,Croplands,18.43266125132966
maize,PRHPA,10,2017,15248.972,179.998,High,827.28,Pasture,18.43266125132966
maize,PRHPA,10,2017,5287.700001,0.0,No,827.28,Croplands,6.391669085436612
maize,PRHPA,10,2017,5287.700001,0.0,No,827.28,Pasture,6.391669085436612
maize,PRHPA,10,2017,10690.225,60.0,Low,827.28,Croplands,12.922136398800891
maize,PRHPA,10,2017,10690.225,60.0,Low,827.28,Pasture,12.922136398800891
maize,PRHPA,10,2017,12949.775,120.0,High,827.28,Croplands,15.653436563195049
maize,PRHPA,10,2017,12949.775,120.0,High,827.28,Pasture,15.653436563195049
maize,PRHPA,10,2017,11856.4,180.0,High,827.28,Croplands,14.331786094188184
maize,PRHPA,10,2017,11856.4,180.0,High,827.28,Pasture,14.331786094188184
maize,PRHPA,10,2019,10887.97933,0.0,No,642.8232,Croplands,16.93775104881093
maize,PRHPA,10,2019,10887.97933,0.0,No,642.8232,Pasture,16.93775104881093
maize,PRHPA,10,2019,11282.2924,89.998,Low,642.8232,Croplands,17.551159323434497
maize,PRHPA,10,2019,11282.2924,89.998,Low,642.8232,Pasture,17.551159323434497
maize,PRHPA,10,2019,14126.1315,179.996,High,642.8232,Croplands,21.975142620863714
maize,PRHPA,10,2019,14126.1315,179.996,High,642.8232,Pasture,21.975142620863714
maize,UCB,10,2004,18276.23006,97.88,Low,1259.824995,Croplands,14.506959405103725
maize,UCB,10,2004,18276.23006,97.88,Low,1259.824995,Pasture,14.506959405103725
maize,UCB,10,2005,15995.40568,101.5,High,724.662,Croplands,22.07291907123597
maize,UCB,10,2005,15995.40568,101.5,High,724.662,Pasture,22.07291907123597
maize,UCB,10,2005,15934.05806,168.2,High,724.662,Croplands,21.988262196720676
maize,UCB,10,2005,15934.05806,168.2,High,724.662,Pasture,21.988262196720676
maize,UCB,10,2006,17771.08207,38.4,Low,885.608,Croplands,20.06653290169014
maize,UCB,10,2006,17771.08207,38.4,Low,885.608,Pasture,20.06653290169014
maize,UCB,10,2006,16192.50786,168.4,High,885.608,Croplands,18.284057799839207
maize,UCB,10,2006,16192.50786,168.4,High,885.608,Pasture,18.284057799839207
maize,UCB,10,2007,21055.64429,38.4,Low,795.01,Croplands,26.48475401567276
maize,UCB,10,2007,21055.64429,38.4,Low,795.01,Pasture,26.48475401567276
maize,UCB,10,2007,20621.12278,267.4,High,795.01,Croplands,25.938192953547755
maize,UCB,10,2007,20621.12278,267.4,High,795.01,Pasture,25.938192953547755
maize,UCB,10,2008,18015.91094,36.7,Low,948.944,Croplands,18.985220350199803
maize,UCB,10,2008,18015.91094,36.7,Low,948.944,Pasture,18.985220350199803
maize,UCB,10,2008,17133.8278,168.5,High,948.944,Croplands,18.05567852265255
maize,UCB,10,2008,17133.8278,168.5,High,948.944,Pasture,18.05567852265255
maize,UCB,10,2009,20774.67002,38.4,Low,764.63,Croplands,27.169572237552806
maize,UCB,10,2009,20774.67002,38.4,Low,764.63,Pasture,27.169572237552806
maize,UCB,10,2009,18739.36896,170.2,High,764.63,Croplands,24.507760563932884
maize,UCB,10,2009,18739.36896,170.2,High,764.63,Pasture,24.507760563932884
maize,UCB,10,2010,19963.2622,38.4,Low,766.824,Croplands,26.033695085182522
maize,UCB,10,2010,19963.2622,38.4,Low,766.824,Pasture,26.033695085182522
maize,UCB,10,2010,20294.90653,170.2,High,766.824,Croplands,26.466185891417066
maize,UCB,10,2010,20294.90653,170.2,High,766.824,Pasture,26.466185891417066
maize,UCB,10,2011,13653.29394,18.8,Low,1146.554,Croplands,11.908112430814422
maize,UCB,10,2011,13653.29394,18.8,Low,1146.554,Pasture,11.908112430814422
maize,UCB,10,2011,13706.10226,150.6,High,1146.554,Croplands,11.954170723751345
maize,UCB,10,2011,13706.10226,150.6,High,1146.554,Pasture,11.954170723751345
maize,NH,8,2007,17992.12599,202.0,High,756.2399998,Croplands,23.79155558388648
maize,NH,9,2011,22120.29747,202.0,High,865.890993,Croplands,25.54628428846586
maize,NH,9,2018,28261.72354,202.0,High,859.145,Croplands,32.89517315470613
maize,NH,10,2015,30431.75853,202.0,High,982.6180002,Croplands,30.97008046240348
maize,UMRB,9,2002,23656.05686,235.2,High,719.7,Croplands,32.8693300819786
maize,UMRB,9,2004,21525.41854,230.272,High,1109.3,Croplands,19.40450603083025
maize,UMRB,9,2010,24632.97977,179.5323712,High,1145.02184,Croplands,21.513109103665656
maize,UMRB,9,2012,24642.96176,196.578592,High,519.816,Croplands,47.40708589193098
maize,UMRB,9,2014,18432.05068,195.997984,High,851.658,Croplands,21.642549802855136
maize,UMRB,10,2006,22934.52281,189.74032,High,729.342,Croplands,31.445498558975075
maize,UMRB,10,2008,24569.57205,137.0944,High,877.57,Croplands,27.997278906525974
soybean,KBS,9,1997,5032.808651,0.0,No,867.604,Croplands,5.800813102521427
soybean,KBS,9,1997,4676.15,2.0,No,867.604,Croplands,5.389728493644565
soybean,KBS,9,2003,3535.68,0.0,No,751.9924,Croplands,4.7017496453421606
soybean,KBS,9,2003,4890.99,7.0,Low,751.9924,Croplands,6.504041796167089
soybean,KBS,9,2012,2947.253333,0.0,No,795.92,Croplands,3.702951720022113
soybean,KBS,9,2012,3494.273333,9.0,Low,795.92,Croplands,4.390231848678259
soybean,KBS,9,2012,3823.273333,10.0,Low,795.92,Croplands,4.803589975123129
soybean,KBS,9,2012,3321.423333,17.0,Low,795.92,Croplands,4.173061781334808
soybean,KBS,9,2015,6516.868667,1.0,No,1172.54,Croplands,5.557907335357429
soybean,KBS,9,2021,8652.37,0.0,No,922.0,Croplands,9.384349240780912
soybean,KBS,10,1990,11093.16167,0.0,No,973.15,Croplands,11.399231022966655
soybean,KBS,10,1991,6191.0051,0.0,No,1044.92,Croplands,5.924860372085901
soybean,KBS,10,1992,5384.67,0.0,No,821.1,Croplands,6.557873584216295
soybean,KBS,10,1994,6358.668775,0.0,No,803.57,Croplands,7.913024098709508
soybean,KBS,10,1994,6213.3772,2.0,No,803.57,Croplands,7.732216483940415
soybean,KBS,10,2000,4818.686889,0.0,No,888.619,Croplands,5.422669208063297
soybean,KBS,10,2000,5578.563333,1.0,No,888.619,Croplands,6.277789843566253
soybean,KBS,10,2006,5298.460333,0.0,No,1060.5366,Croplands,4.996018367494343
soybean,KBS,10,2006,6050.23,1.0,No,1060.5366,Croplands,5.704876191920204
soybean,KBS,10,2009,3859.855172,0.0,No,925.25,Croplands,4.17168891867063
soybean,KBS,10,2009,4615.130556,1.0,No,925.25,Croplands,4.9879822275060794
soybean,KBS,10,2015,4551.143333,0.0,No,1136.51,Croplands,4.004490354682317
soybean,KBS,10,2015,7448.76,1.0,No,1136.51,Croplands,6.5540646364748225
soybean,KBS,10,2018,7350.626667,0.0,No,1100.0,Croplands,6.68238787909091
soybean,KBS,10,2018,6696.416667,1.0,No,1100.0,Croplands,6.087651515454546
soybean,KBS,10,2018,6087.35,2.0,No,1100.0,Croplands,5.533954545454546
soybean,KBS,10,2021,5715.486667,0.0,No,991.0,Croplands,5.767393205852674
soybean,PRHPA,7,2019,7645.731,0.0,No,631.0376,Croplands,12.116125885367211
soybean,PRHPA,7,2019,7645.731,0.0,No,631.0376,Pasture,12.116125885367211
soybean,PRHPA,7,2019,7398.519,33.592,Low,631.0376,Croplands,11.724371099281564
soybean,PRHPA,7,2019,7398.519,33.592,Low,631.0376,Pasture,11.724371099281564
soybean,PRHPA,7,2019,6687.292,67.184,High,631.0376,Croplands,10.597295628659847
soybean,PRHPA,7,2019,6687.292,67.184,High,631.0376,Pasture,10.597295628659847
soybean,PRHPA,9,1984,4513.157,0.0,No,790.1950007,Croplands,5.7114471693721
soybean,PRHPA,9,1984,4513.157,0.0,No,790.1950007,Pasture,5.7114471693721
soybean,PRHPA,9,1984,4269.737,33.592,Low,790.1950007,Croplands,5.403396625159134
soybean,PRHPA,9,1984,4269.737,33.592,Low,790.1950007,Pasture,5.403396625159134
soybean,PRHPA,9,1984,4355.263,67.184,High,790.1950007,Croplands,5.511630668558847
soybean,PRHPA,9,1984,4355.263,67.184,High,790.1950007,Pasture,5.511630668558847
soybean,PRHPA,9,1985,7544.712,0.0,No,761.8769963,Croplands,9.902795381197153
soybean,PRHPA,9,1985,7544.712,0.0,No,761.8769963,Pasture,9.902795381197153
soybean,PRHPA,9,1985,7237.1765,33.592,Low,761.8769963,Croplands,9.499140327305875
soybean,PRHPA,9,1985,7237.1765,33.592,Low,761.8769963,Pasture,9.499140327305875
soybean,PRHPA,9,1985,7124.375,67.184,High,761.8769963,Croplands,9.351082962996662
soybean,PRHPA,9,1985,7124.375,67.184,High,761.8769963,Pasture,9.351082962996662
soybean,PRHPA,9,1987,5804.732,0.0,No,800.1190018,Croplands,7.254835826847376
soybean,PRHPA,9,1987,5804.732,0.0,No,800.1190018,Pasture,7.254835826847376
soybean,PRHPA,9,1987,5535.4468,33.592,Low,800.1190018,Croplands,6.918279390374553
soybean,PRHPA,9,1987,5535.4468,33.592,Low,800.1190018,Pasture,6.918279390374553
soybean,PRHPA,9,1987,5891.0996,67.184,High,800.1190018,Croplands,7.362779270017331
soybean,PRHPA,9,1987,5891.0996,67.184,High,800.1190018,Pasture,7.362779270017331
soybean,PRHPA,9,1988,5367.1884,0.0,No,482.346,Croplands,11.127258026395989
soybean,PRHPA,9,1988,5367.1884,0.0,No,482.346,Pasture,11.127258026395989
soybean,PRHPA,9,1988,5407.2812,33.592,Low,482.346,Croplands,11.21037844203124
soybean,PRHPA,9,1988,5407.2812,33.592,Low,482.346,Pasture,11.21037844203124
soybean,PRHPA,9,1988,5684.0572,67.184,High,482.346,Croplands,11.784190601767197
soybean,PRHPA,9,1988,5684.0572,67.184,High,482.346,Pasture,11.784190601767197
soybean,PRHPA,9,1989,4611.8636,0.0,No,543.052,Croplands,8.492489853642008
soybean,PRHPA,9,1989,4611.8636,0.0,No,543.052,Pasture,8.492489853642008
soybean,PRHPA,9,1989,4574.0936,33.592,Low,543.052,Croplands,8.422938503126773
soybean,PRHPA,9,1989,4574.0936,33.592,Low,543.052,Pasture,8.422938503126773
soybean,PRHPA,9,1989,4903.76,67.184,High,543.052,Croplands,9.030000810235483
soybean,PRHPA,9,1989,4903.76,67.184,High,543.052,Pasture,9.030000810235483
soybean,PRHPA,9,1990,4885.6176,0.0,No,593.5019994,Croplands,8.23184691027007
soybean,PRHPA,9,1990,4885.6176,0.0,No,593.5019994,Pasture,8.23184691027007
soybean,PRHPA,9,1990,4915.8664,33.592,Low,593.5019994,Croplands,8.282813545648857
soybean,PRHPA,9,1990,4915.8664,33.592,Low,593.5019994,Pasture,8.282813545648857
soybean,PRHPA,9,1990,5199.9152,67.184,High,593.5019994,Croplands,8.761411427858452
soybean,PRHPA,9,1990,5199.9152,67.184,High,593.5019994,Pasture,8.761411427858452
soybean,PRHPA,9,1991,5499.0764,0.0,No,758.359999,Croplands,7.251274338376595
soybean,PRHPA,9,1991,5499.0764,0.0,No,758.359999,Pasture,7.251274338376595
soybean,PRHPA,9,1991,5119.3704,33.592,Low,758.359999,Croplands,6.750580735733135
soybean,PRHPA,9,1991,5119.3704,33.592,Low,758.359999,Pasture,6.750580735733135
soybean,PRHPA,9,1991,5934.3036,67.184,High,758.359999,Croplands,7.825180135852603
soybean,PRHPA,9,1991,5934.3036,67.184,High,758.359999,Pasture,7.825180135852603
soybean,PRHPA,9,1992,5412.1216,0.0,No,649.9219992,Croplands,8.327340214151656
soybean,PRHPA,9,1992,5412.1216,0.0,No,649.9219992,Pasture,8.327340214151656
soybean,PRHPA,9,1992,5512.726,33.592,Low,649.9219992,Croplands,8.482134789691237
soybean,PRHPA,9,1992,5512.726,33.592,Low,649.9219992,Pasture,8.482134789691237
soybean,PRHPA,9,1992,5847.9232,67.184,High,649.9219992,Croplands,8.99788468031288
soybean,PRHPA,9,1992,5847.9232,67.184,High,649.9219992,Pasture,8.99788468031288
soybean,PRHPA,9,1993,5930.518,0.0,No,1031.934004,Croplands,5.746993486998225
soybean,PRHPA,9,1993,5930.518,0.0,No,1031.934004,Pasture,5.746993486998225
soybean,PRHPA,9,1993,6054.638,33.592,Low,1031.934004,Croplands,5.867272496623728
soybean,PRHPA,9,1993,6054.638,33.592,Low,1031.934004,Pasture,5.867272496623728
soybean,PRHPA,9,1993,6538.0464,67.184,High,1031.934004,Croplands,6.335721446000534
soybean,PRHPA,9,1993,6538.0464,67.184,High,1031.934004,Pasture,6.335721446000534
soybean,PRHPA,9,1994,5980.5332,0.0,No,794.062,Croplands,7.531569575171711
soybean,PRHPA,9,1994,5980.5332,0.0,No,794.062,Pasture,7.531569575171711
soybean,PRHPA,9,1994,6171.6472,33.592,Low,794.062,Croplands,7.772248514599616
soybean,PRHPA,9,1994,6171.6472,33.592,Low,794.062,Pasture,7.772248514599616
soybean,PRHPA,9,1994,5944.2832,67.184,High,794.062,Croplands,7.485918228047684
soybean,PRHPA,9,1994,5944.2832,67.184,High,794.062,Pasture,7.485918228047684
soybean,PRHPA,9,1995,4023.9604,0.0,No,590.07,Croplands,6.819462775602894
soybean,PRHPA,9,1995,4023.9604,0.0,No,590.07,Pasture,6.819462775602894
soybean,PRHPA,9,1995,4276.6768,33.592,Low,590.07,Croplands,7.247744843832088
soybean,PRHPA,9,1995,4276.6768,33.592,Low,590.07,Pasture,7.247744843832088
soybean,PRHPA,9,1995,4898.5444,67.184,High,590.07,Croplands,8.301632687647228
soybean,PRHPA,9,1995,4898.5444,67.184,High,590.07,Pasture,8.301632687647228
soybean,PRHPA,9,1996,6590.1264,0.0,No,556.21,Croplands,11.848270257636504
soybean,PRHPA,9,1996,6590.1264,0.0,No,556.21,Pasture,11.848270257636504
soybean,PRHPA,9,1996,6451.5504,33.592,Low,556.21,Croplands,11.59912694845472
soybean,PRHPA,9,1996,6451.5504,33.592,Low,556.21,Pasture,11.59912694845472
soybean,PRHPA,9,1996,6679.3748,67.184,High,556.21,Croplands,12.008728357994281
soybean,PRHPA,9,1996,6679.3748,67.184,High,556.21,Pasture,12.008728357994281
soybean,PRHPA,9,1997,5496.8964,0.0,No,566.293,Croplands,9.706806193966727
soybean,PRHPA,9,1997,5496.8964,0.0,No,566.293,Pasture,9.706806193966727
soybean,PRHPA,9,1997,5498.5028,33.592,Low,566.293,Croplands,9.709642888045588
soybean,PRHPA,9,1997,5498.5028,33.592,Low,566.293,Pasture,9.709642888045588
soybean,PRHPA,9,1997,5370.71,67.184,High,566.293,Croplands,9.483977375669486
soybean,PRHPA,9,1997,5370.71,67.184,High,566.293,Pasture,9.483977375669486
soybean,PRHPA,9,1998,6803.954,0.0,No,849.17,Croplands,8.012475711577187
soybean,PRHPA,9,1998,6803.954,0.0,No,849.17,Pasture,8.012475711577187
soybean,PRHPA,9,1998,6981.3036,33.592,Low,849.17,Croplands,8.22132623620712
soybean,PRHPA,9,1998,6981.3036,33.592,Low,849.17,Pasture,8.22132623620712
soybean,PRHPA,9,1998,7124.4672,67.184,High,849.17,Croplands,8.38991862642345
soybean,PRHPA,9,1998,7124.4672,67.184,High,849.17,Pasture,8.38991862642345
soybean,PRHPA,9,1999,7803.1192,0.0,No,812.749,Croplands,9.600896709808318
soybean,PRHPA,9,1999,7803.1192,0.0,No,812.749,Pasture,9.600896709808318
soybean,PRHPA,9,1999,7826.2916,33.592,Low,812.749,Croplands,9.629407849163764
soybean,PRHPA,9,1999,7826.2916,33.592,Low,812.749,Pasture,9.629407849163764
soybean,PRHPA,9,1999,8189.2492,67.184,High,812.749,Croplands,10.075988035666608
soybean,PRHPA,9,1999,8189.2492,67.184,High,812.749,Pasture,10.075988035666608
soybean,PRHPA,9,2000,6621.5584,0.0,No,500.913,Croplands,13.21897894444744
soybean,PRHPA,9,2000,6621.5584,0.0,No,500.913,Pasture,13.21897894444744
soybean,PRHPA,9,2000,7028.91,33.592,Low,500.913,Croplands,14.032197207898378
soybean,PRHPA,9,2000,7028.91,33.592,Low,500.913,Pasture,14.032197207898378
soybean,PRHPA,9,2000,7606.7284,67.184,High,500.913,Croplands,15.185727661290484
soybean,PRHPA,9,2000,7606.7284,67.184,High,500.913,Pasture,15.185727661290484
soybean,PRHPA,9,2001,7638.2744,0.0,No,683.515,Croplands,11.174991624177963
soybean,PRHPA,9,2001,7638.2744,0.0,No,683.515,Pasture,11.174991624177963
soybean,PRHPA,9,2001,7936.7616,33.592,Low,683.515,Croplands,11.611686063948852
soybean,PRHPA,9,2001,7936.7616,33.592,Low,683.515,Pasture,11.611686063948852
soybean,PRHPA,9,2001,8161.2588,67.184,High,683.515,Croplands,11.940131233403802
soybean,PRHPA,9,2001,8161.2588,67.184,High,683.515,Pasture,11.940131233403802
soybean,PRHPA,9,2002,5804.56,0.0,No,569.9,Croplands,10.185225478154063
soybean,PRHPA,9,2002,5804.56,0.0,No,569.9,Pasture,10.185225478154063
soybean,PRHPA,9,2002,5518.0036,33.592,Low,569.9,Croplands,9.682406738024214
soybean,PRHPA,9,2002,5518.0036,33.592,Low,569.9,Pasture,9.682406738024214
soybean,PRHPA,9,2002,6184.9544,67.184,High,569.9,Croplands,10.85270117564485
soybean,PRHPA,9,2002,6184.9544,67.184,High,569.9,Pasture,10.85270117564485
soybean,PRHPA,9,2003,5874.5372,0.0,No,522.199,Croplands,11.249614036028412
soybean,PRHPA,9,2003,5874.5372,0.0,No,522.199,Pasture,11.249614036028412
soybean,PRHPA,9,2003,5994.7572,33.592,Low,522.199,Croplands,11.47983278405359
soybean,PRHPA,9,2003,5994.7572,33.592,Low,522.199,Pasture,11.47983278405359
soybean,PRHPA,9,2003,6388.4584,67.184,High,522.199,Croplands,12.23376222474574
soybean,PRHPA,9,2003,6388.4584,67.184,High,522.199,Pasture,12.23376222474574
soybean,PRHPA,9,2004,6091.1184,0.0,No,617.929,Croplands,9.857311115031015
soybean,PRHPA,9,2004,6091.1184,0.0,No,617.929,Pasture,9.857311115031015
soybean,PRHPA,9,2004,6008.294,33.592,Low,617.929,Croplands,9.72327565140979
soybean,PRHPA,9,2004,6008.294,33.592,Low,617.929,Pasture,9.72327565140979
soybean,PRHPA,9,2004,5604.498,67.184,High,617.929,Croplands,9.069808991000585
soybean,PRHPA,9,2004,5604.498,67.184,High,617.929,Pasture,9.069808991000585
soybean,PRHPA,9,2005,5334.2312,0.0,No,635.152,Croplands,8.39835377988261
soybean,PRHPA,9,2005,5334.2312,0.0,No,635.152,Pasture,8.39835377988261
soybean,PRHPA,9,2005,5372.0868,33.592,Low,635.152,Croplands,8.457954631332342
soybean,PRHPA,9,2005,5372.0868,33.592,Low,635.152,Pasture,8.457954631332342
soybean,PRHPA,9,2005,5596.2388,67.184,High,635.152,Croplands,8.810865430637076
soybean,PRHPA,9,2005,5596.2388,67.184,High,635.152,Pasture,8.810865430637076
soybean,PRHPA,9,2007,7701.2532,0.0,No,843.052,Croplands,9.134968187015748
soybean,PRHPA,9,2007,7701.2532,0.0,No,843.052,Pasture,9.134968187015748
soybean,PRHPA,9,2007,7450.716,33.592,Low,843.052,Croplands,8.837789365306055
soybean,PRHPA,9,2007,7450.716,33.592,Low,843.052,Pasture,8.837789365306055
soybean,PRHPA,9,2007,7861.3944,67.184,High,843.052,Croplands,9.32492230609737
soybean,PRHPA,9,2007,7861.3944,67.184,High,843.052,Pasture,9.32492230609737
soybean,PRHPA,9,2008,6384.2136,0.0,No,982.142,Croplands,6.500295883894589
soybean,PRHPA,9,2008,6384.2136,0.0,No,982.142,Pasture,6.500295883894589
soybean,PRHPA,9,2008,6338.2136,33.592,Low,982.142,Croplands,6.453459479382818
soybean,PRHPA,9,2008,6338.2136,33.592,Low,982.142,Pasture,6.453459479382818
soybean,PRHPA,9,2008,6569.248,67.184,High,982.142,Croplands,6.688694710133564
soybean,PRHPA,9,2008,6569.248,67.184,High,982.142,Pasture,6.688694710133564
soybean,PRHPA,9,2009,7637.7008,0.0,No,682.37,Croplands,11.192902384336943
soybean,PRHPA,9,2009,7637.7008,0.0,No,682.37,Pasture,11.192902384336943
soybean,PRHPA,9,2009,7176.5484,33.592,Low,682.37,Croplands,10.51709248648094
soybean,PRHPA,9,2009,7176.5484,33.592,Low,682.37,Pasture,10.51709248648094
soybean,PRHPA,9,2009,7345.8668,67.184,High,682.37,Croplands,10.765225317642921
soybean,PRHPA,9,2009,7345.8668,67.184,High,682.37,Pasture,10.765225317642921
soybean,PRHPA,9,2010,8449.6504,0.0,No,982.625,Croplands,8.599059051011322
soybean,PRHPA,9,2010,8449.6504,0.0,No,982.625,Pasture,8.599059051011322
soybean,PRHPA,9,2010,8570.5604,33.592,Low,982.625,Croplands,8.72210700928635
soybean,PRHPA,9,2010,8570.5604,33.592,Low,982.625,Pasture,8.72210700928635
soybean,PRHPA,9,2010,8976.4204,67.184,High,982.625,Croplands,9.135143518636307
soybean,PRHPA,9,2010,8976.4204,67.184,High,982.625,Pasture,9.135143518636307
soybean,PRHPA,9,2011,8996.7252,0.0,No,660.629,Croplands,13.618423048337267
soybean,PRHPA,9,2011,8996.7252,0.0,No,660.629,Pasture,13.618423048337267
soybean,PRHPA,9,2011,8264.732,33.592,Low,660.629,Croplands,12.510398423320805
soybean,PRHPA,9,2011,8264.732,33.592,Low,660.629,Pasture,12.510398423320805
soybean,PRHPA,9,2011,8120.3048,67.184,High,660.629,Croplands,12.291777684600584
soybean,PRHPA,9,2011,8120.3048,67.184,High,660.629,Pasture,12.291777684600584
soybean,PRHPA,9,2012,5465.694,0.0,No,424.181,Croplands,12.885287176936263
soybean,PRHPA,9,2012,5465.694,0.0,No,424.181,Pasture,12.885287176936263
soybean,PRHPA,9,2012,5093.6212,33.592,Low,424.181,Croplands,12.008131434458402
soybean,PRHPA,9,2012,5093.6212,33.592,Low,424.181,Pasture,12.008131434458402
soybean,PRHPA,9,2012,5053.4096,67.184,High,424.181,Croplands,11.913333223317405
soybean,PRHPA,9,2012,5053.4096,67.184,High,424.181,Pasture,11.913333223317405
soybean,PRHPA,9,2013,6293.2452,0.0,No,576.224,Croplands,10.921525656689065
soybean,PRHPA,9,2013,6293.2452,0.0,No,576.224,Pasture,10.921525656689065
soybean,PRHPA,9,2013,6014.7184,33.58,Low,576.224,Croplands,10.438160159937802
soybean,PRHPA,9,2013,6014.7184,33.58,Low,576.224,Pasture,10.438160159937802
soybean,PRHPA,9,2013,5958.966,67.206,High,576.224,Croplands,10.341405425667796
soybean,PRHPA,9,2013,5958.966,67.206,High,576.224,Pasture,10.341405425667796
soybean,PRHPA,9,2014,7881.3544,0.0,No,771.627,Croplands,10.213943265334159
soybean,PRHPA,9,2014,7881.3544,0.0,No,771.627,Pasture,10.213943265334159
soybean,PRHPA,9,2014,7698.2696,33.592,Low,771.627,Croplands,9.976672148589927
soybean,PRHPA,9,2014,7698.2696,33.592,Low,771.627,Pasture,9.976672148589927
soybean,PRHPA,9,2014,7921.734,67.184,High,771.627,Croplands,10.266273730701492
soybean,PRHPA,9,2014,7921.734,67.184,High,771.627,Pasture,10.266273730701492
soybean,PRHPA,9,2015,8256.0136,0.0,No,893.268,Croplands,9.242482211385608
soybean,PRHPA,9,2015,8256.0136,0.0,No,893.268,Pasture,9.242482211385608
soybean,PRHPA,9,2015,8185.2336,33.592,Low,893.268,Croplands,9.16324507314714
soybean,PRHPA,9,2015,8185.2336,33.592,Low,893.268,Pasture,9.16324507314714
soybean,PRHPA,9,2015,8365.4512,67.184,High,893.268,Croplands,9.364995947464815
soybean,PRHPA,9,2015,8365.4512,67.184,High,893.268,Pasture,9.364995947464815
soybean,PRHPA,9,2016,8891.072,0.0,No,975.589,Croplands,9.113542690620742
soybean,PRHPA,9,2016,8891.072,0.0,No,975.589,Pasture,9.113542690620742
soybean,PRHPA,9,2016,8936.7292,33.592,Low,975.589,Croplands,9.160342316282778
soybean,PRHPA,9,2016,8936.7292,33.592,Low,975.589,Pasture,9.160342316282778
soybean,PRHPA,9,2016,8598.3208,67.184,High,975.589,Croplands,8.813466326496096
soybean,PRHPA,9,2016,8598.3208,67.184,High,975.589,Pasture,8.813466326496096
soybean,PRHPA,9,2017,7351.6024,0.0,No,771.679,Croplands,9.526762293648007
soybean,PRHPA,9,2017,7351.6024,0.0,No,771.679,Pasture,9.526762293648007
soybean,PRHPA,9,2017,7193.0672,33.58,Low,771.679,Croplands,9.321320393583344
soybean,PRHPA,9,2017,7193.0672,33.58,Low,771.679,Pasture,9.321320393583344
soybean,PRHPA,9,2017,6830.798,67.206,High,771.679,Croplands,8.851864570631053
soybean,PRHPA,9,2017,6830.798,67.206,High,771.679,Pasture,8.851864570631053
soybean,PRHPA,9,2018,7076.7468,0.0,No,719.684,Croplands,9.833130651786062
soybean,PRHPA,9,2018,7076.7468,0.0,No,719.684,Pasture,9.833130651786062
soybean,PRHPA,9,2018,6760.3636,33.592,Low,719.684,Croplands,9.393516598951763
soybean,PRHPA,9,2018,6760.3636,33.592,Low,719.684,Pasture,9.393516598951763
soybean,PRHPA,9,2018,7004.2468,67.184,High,719.684,Croplands,9.73239199426415
soybean,PRHPA,9,2018,7004.2468,67.184,High,719.684,Pasture,9.73239199426415
soybean,PRHPA,10,1986,6064.7465,0.0,No,1012.173011,Croplands,5.991808153438306
soybean,PRHPA,10,1986,6064.7465,0.0,No,1012.173011,Pasture,5.991808153438306
soybean,PRHPA,10,1986,5971.102,33.592,Low,1012.173011,Croplands,5.899289879405805
soybean,PRHPA,10,1986,5971.102,33.592,Low,1012.173011,Pasture,5.899289879405805
soybean,PRHPA,10,1986,6274.1005,67.184,High,1012.173011,Croplands,6.198644334333076
soybean,PRHPA,10,1986,6274.1005,67.184,High,1012.173011,Pasture,6.198644334333076
soybean,PRHPA,10,2006,7999.0516,0.0,No,692.887,Croplands,11.544525442099506
soybean,PRHPA,10,2006,7999.0516,0.0,No,692.887,Pasture,11.544525442099506
soybean,PRHPA,10,2006,8086.2352,33.592,Low,692.887,Croplands,11.670352019882031
soybean,PRHPA,10,2006,8086.2352,33.592,Low,692.887,Pasture,11.670352019882031
soybean,PRHPA,10,2006,7739.7964,67.184,High,692.887,Croplands,11.170358803094878
soybean,PRHPA,10,2006,7739.7964,67.184,High,692.887,Pasture,11.170358803094878
soybean,PRHPA,10,2019,6667.215333,0.0,No,642.8232,Croplands,10.371771480867523
soybean,PRHPA,10,2019,6667.215333,0.0,No,642.8232,Pasture,10.371771480867523
soybean,PRHPA,10,2019,6568.56,33.592,Low,642.8232,Croplands,10.218299526214984
soybean,PRHPA,10,2019,6568.56,33.592,Low,642.8232,Pasture,10.218299526214984
soybean,PRHPA,10,2019,5973.19,67.184,High,642.8232,Croplands,9.292119512799163
soybean,PRHPA,10,2019,5973.19,67.184,High,642.8232,Pasture,9.292119512799163
soybean,NH,8,2004,9274.015748,0.0,No,731.1939927,Croplands,12.683386133623523
soybean,NH,9,2006,9637.642169,0.0,No,763.7059999,Croplands,12.619571104930376
soybean,NH,9,2012,10147.50656,0.0,No,845.5916796,Croplands,12.000480615892759
soybean,NH,9,2016,13670.38496,0.0,No,958.7143,Croplands,14.259081104767082
soybean,NH,9,2017,8581.102362,0.0,No,988.666,Croplands,8.679475537744798
soybean,UMRB,9,2003,7570.723685,35.060256,Low,729.0,Croplands,10.385080500685872
soybean,UMRB,9,2005,8595.394737,35.342496,Low,1037.6,Croplands,8.283919368735544
soybean,UMRB,9,2007,6151.315789,0.4704,No,875.03,Croplands,7.0298341645429305
soybean,UMRB,9,2009,6861.876641,19.665184,Low,768.858,Croplands,8.924764574212665
soybean,UMRB,9,2011,9404.527559,0.0,No,618.236,Croplands,15.211873069507437
soybean,UMRB,9,2013,6923.392389,0.0,No,602.234,Croplands,11.496183192911724
soybean,UMRB,9,2015,7706.692913,0.0,No,1013.76,Croplands,7.602088179648043
