Crop,Site_code,Harvest_month,Year,ANPP,N_amt,N_cat,PPT
Maize,KBS,9,1999,13653.72417,27,Low,636.2406
Maize,KBS,9,1999,14928.55647,97,Low,636.2406
Maize,KBS,9,1999,11534.58003,115,High,636.2406
Maize,KBS,10,1990,10850,0,No,973.15
Maize,KBS,10,1990,11334.81917,28,Low,973.15
Maize,KBS,10,1991,14291.1477,124,High,1044.92
Maize,KBS,10,1993,8833.324733,0,No,956.13
Maize,KBS,10,1993,12013.9341,60,Low,956.13
Maize,KBS,10,1993,15488.48062,84,Low,956.13
Maize,KBS,10,1996,8822.73,0,No,691.8
Maize,KBS,10,1996,10138.34667,55,Low,691.8
Maize,KBS,10,1996,10177.75333,138,High,691.8
Maize,KBS,10,1996,9253.303333,189,High,691.8
Maize,KBS,10,2002,11298.24849,28,Low,758.3424
Maize,KBS,10,2002,11262.72297,162,High,758.3424
Maize,KBS,10,2002,10709.44953,163,High,758.3424
Maize,KBS,10,2005,12259.52533,0,No,753.1504
Maize,KBS,10,2005,14810.15667,33,Low,753.1504
Maize,KBS,10,2005,15823.73,157,High,753.1504
Maize,KBS,10,2008,9371.588,33,Low,1161.554
Maize,KBS,10,2008,12360.255,147,High,1161.554
Maize,KBS,10,2011,11878.30267,124,High,1064.54
Maize,KBS,10,2011,18224.51667,157,High,1064.54
Maize,KBS,10,2011,18086.20867,158,High,1064.54
Maize,KBS,10,2011,21789.48533,159,High,1064.54
Maize,KBS,10,2014,11146.06233,0,No,963.35
Maize,KBS,10,2014,19123.485,44,Low,963.35
Maize,KBS,10,2014,20037.36367,168,High,963.35
Maize,KBS,10,2017,5547.6,0,No,1081
Maize,KBS,10,2017,15014.40333,34,Low,1081
Maize,KBS,10,2017,15862.52333,172,High,1081
Maize,KBS,10,2017,15900.69667,173,High,1081
Maize,KBS,10,2020,11907.44667,0,No,1043
Maize,KBS,10,2020,16965.82667,284,High,1043
Maize,KBS,10,2020,15059.319,500,High,1043
Maize,PRHPA,8,2012,10918.90133,0,No,409.957
Maize,PRHPA,8,2012,10099.0316,89.998,Low,409.957
Maize,PRHPA,8,2012,12623.138,179.996,High,409.957
Maize,PRHPA,8,2012,7174.866667,0,No,409.957
Maize,PRHPA,8,2012,7766.225,60,Low,409.957
Maize,PRHPA,8,2012,9032.325,120,High,409.957
Maize,PRHPA,8,2012,8621.6875,180,High,409.957
Maize,PRHPA,9,1984,11216.7475,0,No,790.1950007
Maize,PRHPA,9,1984,10545.5845,89.998,Low,790.1950007
Maize,PRHPA,9,1984,11559.65313,179.996,High,790.1950007
Maize,PRHPA,9,1985,15024.2925,0,No,761.8769963
Maize,PRHPA,9,1985,15501.677,89.998,Low,761.8769963
Maize,PRHPA,9,1985,17089.37938,179.996,High,761.8769963
Maize,PRHPA,9,1987,13732.872,0,No,800.1190018
Maize,PRHPA,9,1987,12609.6996,89.998,Low,800.1190018
Maize,PRHPA,9,1987,14234.138,179.996,High,800.1190018
Maize,PRHPA,9,1988,11088.632,0,No,482.346
Maize,PRHPA,9,1988,10501.7268,89.998,Low,482.346
Maize,PRHPA,9,1988,13052.166,179.996,High,482.346
Maize,PRHPA,9,1989,10229.78533,0,No,543.052
Maize,PRHPA,9,1989,10646.308,89.998,Low,543.052
Maize,PRHPA,9,1989,12315.6595,179.996,High,543.052
Maize,PRHPA,9,1990,11044.40533,0,No,593.5019994
Maize,PRHPA,9,1990,13520.2544,89.998,Low,593.5019994
Maize,PRHPA,9,1990,14746.4765,179.996,High,593.5019994
Maize,PRHPA,9,1991,12403.37867,0,No,758.359999
Maize,PRHPA,9,1991,12964.9548,89.998,Low,758.359999
Maize,PRHPA,9,1991,13241.41,179.996,High,758.359999
Maize,PRHPA,9,1994,16604.31267,0,No,794.062
Maize,PRHPA,9,1994,16223.0324,89.998,Low,794.062
Maize,PRHPA,9,1994,19448.592,179.996,High,794.062
Maize,PRHPA,9,1995,5907.936667,0,No,590.07
Maize,PRHPA,9,1995,5447.4684,89.998,Low,590.07
Maize,PRHPA,9,1995,6910.732,179.996,High,590.07
Maize,PRHPA,9,1998,14532.16667,0,No,849.17
Maize,PRHPA,9,1998,14401.5724,89.998,Low,849.17
Maize,PRHPA,9,1998,16376.0775,179.996,High,849.17
Maize,PRHPA,9,1999,13733.838,0,No,812.749
Maize,PRHPA,9,1999,14616.1756,89.998,Low,812.749
Maize,PRHPA,9,1999,17118.415,179.996,High,812.749
Maize,PRHPA,9,2000,11839.52533,0,No,500.913
Maize,PRHPA,9,2000,10681.7692,89.998,Low,500.913
Maize,PRHPA,9,2000,12197.403,179.996,High,500.913
Maize,PRHPA,9,2000,11449.9,60,Low,500.913
Maize,PRHPA,9,2000,11005.76667,120,High,500.913
Maize,PRHPA,9,2000,12609.36667,180,High,500.913
Maize,PRHPA,9,2001,10363.70067,0,No,683.515
Maize,PRHPA,9,2001,11633.934,89.998,Low,683.515
Maize,PRHPA,9,2001,13037.009,179.996,High,683.515
Maize,PRHPA,9,2001,8611.641667,60,Low,683.515
Maize,PRHPA,9,2001,9521.916667,120,High,683.515
Maize,PRHPA,9,2001,11201.36667,180,High,683.515
Maize,PRHPA,9,2002,6738.174667,0,No,569.9
Maize,PRHPA,9,2002,7967.73,89.998,Low,569.9
Maize,PRHPA,9,2002,9161.415,179.996,High,569.9
Maize,PRHPA,9,2002,7686.458333,60,Low,569.9
Maize,PRHPA,9,2002,9063.283334,120,High,569.9
Maize,PRHPA,9,2002,9884.4,180,High,569.9
Maize,PRHPA,9,2003,11153.88867,0,No,522.199
Maize,PRHPA,9,2003,12753.6532,89.998,Low,522.199
Maize,PRHPA,9,2003,14630.0805,179.996,High,522.199
Maize,PRHPA,9,2003,8833.825,60,Low,522.199
Maize,PRHPA,9,2003,11986.28333,120,High,522.199
Maize,PRHPA,9,2003,13205.85,180,High,522.199
Maize,PRHPA,9,2004,14284.63467,0,No,617.929
Maize,PRHPA,9,2004,14696.8768,89.998,Low,617.929
Maize,PRHPA,9,2004,17269.5925,179.996,High,617.929
Maize,PRHPA,9,2004,15393.75833,60,Low,617.929
Maize,PRHPA,9,2004,18068.56667,120,High,617.929
Maize,PRHPA,9,2004,16508.3,180,High,617.929
Maize,PRHPA,9,2005,11364.07133,0,No,635.152
Maize,PRHPA,9,2005,11456.0468,89.998,Low,635.152
Maize,PRHPA,9,2005,13492.297,179.996,High,635.152
Maize,PRHPA,9,2005,8830.383334,60,Low,635.152
Maize,PRHPA,9,2005,11155.1,120,High,635.152
Maize,PRHPA,9,2005,10200.16667,180,High,635.152
Maize,PRHPA,9,2006,10052.825,60,Low,718.795
Maize,PRHPA,9,2006,11709.9625,120,High,718.795
Maize,PRHPA,9,2006,12105.975,180,High,718.795
Maize,PRHPA,9,2007,10574.29333,0,No,843.052
Maize,PRHPA,9,2007,12849.8,89.998,Low,843.052
Maize,PRHPA,9,2007,16456.4695,179.996,High,843.052
Maize,PRHPA,9,2007,10079.175,60,Low,843.052
Maize,PRHPA,9,2007,12975.4,120,High,843.052
Maize,PRHPA,9,2007,12320.35,180,High,843.052
Maize,PRHPA,9,2008,13404.21333,0,No,982.142
Maize,PRHPA,9,2008,13775.0092,89.998,Low,982.142
Maize,PRHPA,9,2008,15974.8515,179.996,High,982.142
Maize,PRHPA,9,2008,8567.3875,60,Low,982.142
Maize,PRHPA,9,2008,11963.2125,120,High,982.142
Maize,PRHPA,9,2008,13036.325,180,High,982.142
Maize,PRHPA,9,2010,13274.14533,0,No,982.625
Maize,PRHPA,9,2010,15183.4636,89.998,Low,982.625
Maize,PRHPA,9,2010,18767.6895,179.996,High,982.625
Maize,PRHPA,9,2010,10791.925,60,Low,982.625
Maize,PRHPA,9,2010,12647.3,120,High,982.625
Maize,PRHPA,9,2010,11549.8125,180,High,982.625
Maize,PRHPA,9,2011,10766.13067,0,No,660.629
Maize,PRHPA,9,2011,12576.556,89.998,Low,660.629
Maize,PRHPA,9,2011,15799.6825,179.996,High,660.629
Maize,PRHPA,9,2011,10421.11667,0,No,660.629
Maize,PRHPA,9,2011,9888.625,60,Low,660.629
Maize,PRHPA,9,2011,13417.7125,120,High,660.629
Maize,PRHPA,9,2011,11999.75,180,High,660.629
Maize,PRHPA,9,2013,9202.716667,0,No,576.224
Maize,PRHPA,9,2013,11659.775,60,Low,576.224
Maize,PRHPA,9,2013,14944.175,120,High,576.224
Maize,PRHPA,9,2013,14057.3375,180,High,576.224
Maize,PRHPA,9,2014,9173.534,0,No,771.627
Maize,PRHPA,9,2014,11451.2348,89.998,Low,771.627
Maize,PRHPA,9,2014,13668.7745,179.996,High,771.627
Maize,PRHPA,9,2014,7635.200001,0,No,771.627
Maize,PRHPA,9,2014,12856.9,60,Low,771.627
Maize,PRHPA,9,2014,13789.6875,120,High,771.627
Maize,PRHPA,9,2014,11884.1375,180,High,771.627
Maize,PRHPA,9,2016,13705.21267,0,No,975.589
Maize,PRHPA,9,2016,14471.728,89.998,Low,975.589
Maize,PRHPA,9,2016,18643.856,179.996,High,975.589
Maize,PRHPA,9,2016,11148.25,0,No,975.589
Maize,PRHPA,9,2016,16083.97,60,Low,975.589
Maize,PRHPA,9,2016,17558.25,120,High,975.589
Maize,PRHPA,9,2016,15991.74167,180,High,975.589
Maize,PRHPA,9,2018,12973.37133,0,No,719.684
Maize,PRHPA,9,2018,11709.0172,89.998,Low,719.684
Maize,PRHPA,9,2018,15404.571,179.996,High,719.684
Maize,PRHPA,10,1986,15287.76667,0,No,1012.173011
Maize,PRHPA,10,1986,14565.385,89.998,Low,1012.173011
Maize,PRHPA,10,1986,17197.64875,179.996,High,1012.173011
Maize,PRHPA,10,1992,14989.54867,0,No,683.4499992
Maize,PRHPA,10,1992,15320.6492,89.998,Low,683.4499992
Maize,PRHPA,10,1992,18407.118,179.996,High,683.4499992
Maize,PRHPA,10,1993,13638.074,0,No,1016.948004
Maize,PRHPA,10,1993,12821.6212,89.998,Low,1016.948004
Maize,PRHPA,10,1993,15934.8135,179.996,High,1016.948004
Maize,PRHPA,10,1996,13860.766,0,No,543.51
Maize,PRHPA,10,1996,13421.274,89.998,Low,543.51
Maize,PRHPA,10,1996,14221.1345,179.996,High,543.51
Maize,PRHPA,10,1997,11154.92867,0,No,641.477
Maize,PRHPA,10,1997,11821.2248,89.998,Low,641.477
Maize,PRHPA,10,1997,14142.0035,179.996,High,641.477
Maize,PRHPA,10,2006,12289.35,0,No,692.887
Maize,PRHPA,10,2006,13902.6728,89.998,Low,692.887
Maize,PRHPA,10,2006,16269.48475,179.996,High,692.887
Maize,PRHPA,10,2009,15952.908,0,No,665.785
Maize,PRHPA,10,2009,15344.6508,89.998,Low,665.785
Maize,PRHPA,10,2009,19978.0425,179.996,High,665.785
Maize,PRHPA,10,2009,11963.38125,60,Low,665.785
Maize,PRHPA,10,2009,13301.8,120,High,665.785
Maize,PRHPA,10,2009,13983.4125,180,High,665.785
Maize,PRHPA,10,2013,10668.424,0,No,625.246
Maize,PRHPA,10,2013,13001.5532,90.022,Low,625.246
Maize,PRHPA,10,2013,15196.292,179.998,High,625.246
Maize,PRHPA,10,2015,10833.57133,0,No,847.04
Maize,PRHPA,10,2015,13784.4584,89.998,Low,847.04
Maize,PRHPA,10,2015,18184.1205,179.996,High,847.04
Maize,PRHPA,10,2015,10303.61667,0,No,847.04
Maize,PRHPA,10,2015,15695.0625,60,Low,847.04
Maize,PRHPA,10,2015,16405.525,120,High,847.04
Maize,PRHPA,10,2015,13022.525,180,High,847.04
Maize,PRHPA,10,2017,11670.002,0,No,827.28
Maize,PRHPA,10,2017,12635.9632,90.022,Low,827.28
Maize,PRHPA,10,2017,15248.972,179.998,High,827.28
Maize,PRHPA,10,2017,5287.700001,0,No,827.28
Maize,PRHPA,10,2017,10690.225,60,Low,827.28
Maize,PRHPA,10,2017,12949.775,120,High,827.28
Maize,PRHPA,10,2017,11856.4,180,High,827.28
Maize,PRHPA,10,2019,10887.97933,0,No,642.8232
Maize,PRHPA,10,2019,11282.2924,89.998,Low,642.8232
Maize,PRHPA,10,2019,14126.1315,179.996,High,642.8232
Maize,UCB,10,2004,18276.23006,97.88,Low,1259.824995
Maize,UCB,10,2005,15995.40568,101.5,High,724.662
Maize,UCB,10,2005,15934.05806,168.2,High,724.662
Maize,UCB,10,2006,17771.08207,38.4,Low,885.608
Maize,UCB,10,2006,16192.50786,168.4,High,885.608
Maize,UCB,10,2007,21055.64429,38.4,Low,795.01
Maize,UCB,10,2007,20621.12278,267.4,High,795.01
Maize,UCB,10,2008,18015.91094,36.7,Low,948.944
Maize,UCB,10,2008,17133.8278,168.5,High,948.944
Maize,UCB,10,2009,20774.67002,38.4,Low,764.63
Maize,UCB,10,2009,18739.36896,170.2,High,764.63
Maize,UCB,10,2010,19963.2622,38.4,Low,766.824
Maize,UCB,10,2010,20294.90653,170.2,High,766.824
Maize,UCB,10,2011,13653.29394,18.8,Low,1146.554
Maize,UCB,10,2011,13706.10226,150.6,High,1146.554
Maize,NH,8,2007,17992.12599,202,High,756.2399998
Maize,NH,9,2011,22120.29747,202,High,865.890993
Maize,NH,9,2018,28261.72354,202,High,859.145
Maize,NH,10,2015,30431.75853,202,High,982.6180002
Maize,UMRB,9,2002,23656.05686,235.2,High,719.7
Maize,UMRB,9,2004,21525.41854,230.272,High,1109.3
Maize,UMRB,9,2010,24632.97977,179.5323712,High,1145.02184
Maize,UMRB,9,2012,24642.96176,196.578592,High,519.816
Maize,UMRB,9,2014,18432.05068,195.997984,High,851.658
Maize,UMRB,10,2006,22934.52281,189.74032,High,729.342
Maize,UMRB,10,2008,24569.57205,137.0944,High,877.57
Soybean,KBS,9,1997,5032.808651,0,No,867.604
Soybean,KBS,9,1997,4676.15,2,No,867.604
Soybean,KBS,9,2003,3535.68,0,No,751.9924
Soybean,KBS,9,2003,4890.99,7,Low,751.9924
Soybean,KBS,9,2012,2947.253333,0,No,795.92
Soybean,KBS,9,2012,3494.273333,9,Low,795.92
Soybean,KBS,9,2012,3823.273333,10,Low,795.92
Soybean,KBS,9,2012,3321.423333,17,Low,795.92
Soybean,KBS,9,2015,6516.868667,1,No,1172.54
Soybean,KBS,9,2021,8652.37,0,No,922
Soybean,KBS,10,1990,11093.16167,0,No,973.15
Soybean,KBS,10,1991,6191.0051,0,No,1044.92
Soybean,KBS,10,1992,5384.67,0,No,821.1
Soybean,KBS,10,1994,6358.668775,0,No,803.57
Soybean,KBS,10,1994,6213.3772,2,No,803.57
Soybean,KBS,10,2000,4818.686889,0,No,888.619
Soybean,KBS,10,2000,5578.563333,1,No,888.619
Soybean,KBS,10,2006,5298.460333,0,No,1060.5366
Soybean,KBS,10,2006,6050.23,1,No,1060.5366
Soybean,KBS,10,2009,3859.855172,0,No,925.25
Soybean,KBS,10,2009,4615.130556,1,No,925.25
Soybean,KBS,10,2015,4551.143333,0,No,1136.51
Soybean,KBS,10,2015,7448.76,1,No,1136.51
Soybean,KBS,10,2018,7350.626667,0,No,1100
Soybean,KBS,10,2018,6696.416667,1,No,1100
Soybean,KBS,10,2018,6087.35,2,No,1100
Soybean,KBS,10,2021,5715.486667,0,No,991
Soybean,PRHPA,7,2019,7645.731,0,No,631.0376
Soybean,PRHPA,7,2019,7398.519,33.592,Low,631.0376
Soybean,PRHPA,7,2019,6687.292,67.184,High,631.0376
Soybean,PRHPA,9,1984,4513.157,0,No,790.1950007
Soybean,PRHPA,9,1984,4269.737,33.592,Low,790.1950007
Soybean,PRHPA,9,1984,4355.263,67.184,High,790.1950007
Soybean,PRHPA,9,1985,7544.712,0,No,761.8769963
Soybean,PRHPA,9,1985,7237.1765,33.592,Low,761.8769963
Soybean,PRHPA,9,1985,7124.375,67.184,High,761.8769963
Soybean,PRHPA,9,1987,5804.732,0,No,800.1190018
Soybean,PRHPA,9,1987,5535.4468,33.592,Low,800.1190018
Soybean,PRHPA,9,1987,5891.0996,67.184,High,800.1190018
Soybean,PRHPA,9,1988,5367.1884,0,No,482.346
Soybean,PRHPA,9,1988,5407.2812,33.592,Low,482.346
Soybean,PRHPA,9,1988,5684.0572,67.184,High,482.346
Soybean,PRHPA,9,1989,4611.8636,0,No,543.052
Soybean,PRHPA,9,1989,4574.0936,33.592,Low,543.052
Soybean,PRHPA,9,1989,4903.76,67.184,High,543.052
Soybean,PRHPA,9,1990,4885.6176,0,No,593.5019994
Soybean,PRHPA,9,1990,4915.8664,33.592,Low,593.5019994
Soybean,PRHPA,9,1990,5199.9152,67.184,High,593.5019994
Soybean,PRHPA,9,1991,5499.0764,0,No,758.359999
Soybean,PRHPA,9,1991,5119.3704,33.592,Low,758.359999
Soybean,PRHPA,9,1991,5934.3036,67.184,High,758.359999
Soybean,PRHPA,9,1992,5412.1216,0,No,649.9219992
Soybean,PRHPA,9,1992,5512.726,33.592,Low,649.9219992
Soybean,PRHPA,9,1992,5847.9232,67.184,High,649.9219992
Soybean,PRHPA,9,1993,5930.518,0,No,1031.934004
Soybean,PRHPA,9,1993,6054.638,33.592,Low,1031.934004
Soybean,PRHPA,9,1993,6538.0464,67.184,High,1031.934004
Soybean,PRHPA,9,1994,5980.5332,0,No,794.062
Soybean,PRHPA,9,1994,6171.6472,33.592,Low,794.062
Soybean,PRHPA,9,1994,5944.2832,67.184,High,794.062
Soybean,PRHPA,9,1995,4023.9604,0,No,590.07
Soybean,PRHPA,9,1995,4276.6768,33.592,Low,590.07
Soybean,PRHPA,9,1995,4898.5444,67.184,High,590.07
Soybean,PRHPA,9,1996,6590.1264,0,No,556.21
Soybean,PRHPA,9,1996,6451.5504,33.592,Low,556.21
Soybean,PRHPA,9,1996,6679.3748,67.184,High,556.21
Soybean,PRHPA,9,1997,5496.8964,0,No,566.293
Soybean,PRHPA,9,1997,5498.5028,33.592,Low,566.293
Soybean,PRHPA,9,1997,5370.71,67.184,High,566.293
Soybean,PRHPA,9,1998,6803.954,0,No,849.17
Soybean,PRHPA,9,1998,6981.3036,33.592,Low,849.17
Soybean,PRHPA,9,1998,7124.4672,67.184,High,849.17
Soybean,PRHPA,9,1999,7803.1192,0,No,812.749
Soybean,PRHPA,9,1999,7826.2916,33.592,Low,812.749
Soybean,PRHPA,9,1999,8189.2492,67.184,High,812.749
Soybean,PRHPA,9,2000,6621.5584,0,No,500.913
Soybean,PRHPA,9,2000,7028.91,33.592,Low,500.913
Soybean,PRHPA,9,2000,7606.7284,67.184,High,500.913
Soybean,PRHPA,9,2001,7638.2744,0,No,683.515
Soybean,PRHPA,9,2001,7936.7616,33.592,Low,683.515
Soybean,PRHPA,9,2001,8161.2588,67.184,High,683.515
Soybean,PRHPA,9,2002,5804.56,0,No,569.9
Soybean,PRHPA,9,2002,5518.0036,33.592,Low,569.9
Soybean,PRHPA,9,2002,6184.9544,67.184,High,569.9
Soybean,PRHPA,9,2003,5874.5372,0,No,522.199
Soybean,PRHPA,9,2003,5994.7572,33.592,Low,522.199
Soybean,PRHPA,9,2003,6388.4584,67.184,High,522.199
Soybean,PRHPA,9,2004,6091.1184,0,No,617.929
Soybean,PRHPA,9,2004,6008.294,33.592,Low,617.929
Soybean,PRHPA,9,2004,5604.498,67.184,High,617.929
Soybean,PRHPA,9,2005,5334.2312,0,No,635.152
Soybean,PRHPA,9,2005,5372.0868,33.592,Low,635.152
Soybean,PRHPA,9,2005,5596.2388,67.184,High,635.152
Soybean,PRHPA,9,2007,7701.2532,0,No,843.052
Soybean,PRHPA,9,2007,7450.716,33.592,Low,843.052
Soybean,PRHPA,9,2007,7861.3944,67.184,High,843.052
Soybean,PRHPA,9,2008,6384.2136,0,No,982.142
Soybean,PRHPA,9,2008,6338.2136,33.592,Low,982.142
Soybean,PRHPA,9,2008,6569.248,67.184,High,982.142
Soybean,PRHPA,9,2009,7637.7008,0,No,682.37
Soybean,PRHPA,9,2009,7176.5484,33.592,Low,682.37
Soybean,PRHPA,9,2009,7345.8668,67.184,High,682.37
Soybean,PRHPA,9,2010,8449.6504,0,No,982.625
Soybean,PRHPA,9,2010,8570.5604,33.592,Low,982.625
Soybean,PRHPA,9,2010,8976.4204,67.184,High,982.625
Soybean,PRHPA,9,2011,8996.7252,0,No,660.629
Soybean,PRHPA,9,2011,8264.732,33.592,Low,660.629
Soybean,PRHPA,9,2011,8120.3048,67.184,High,660.629
Soybean,PRHPA,9,2012,5465.694,0,No,424.181
Soybean,PRHPA,9,2012,5093.6212,33.592,Low,424.181
Soybean,PRHPA,9,2012,5053.4096,67.184,High,424.181
Soybean,PRHPA,9,2013,6293.2452,0,No,576.224
Soybean,PRHPA,9,2013,6014.7184,33.58,Low,576.224
Soybean,PRHPA,9,2013,5958.966,67.206,High,576.224
Soybean,PRHPA,9,2014,7881.3544,0,No,771.627
Soybean,PRHPA,9,2014,7698.2696,33.592,Low,771.627
Soybean,PRHPA,9,2014,7921.734,67.184,High,771.627
Soybean,PRHPA,9,2015,8256.0136,0,No,893.268
Soybean,PRHPA,9,2015,8185.2336,33.592,Low,893.268
Soybean,PRHPA,9,2015,8365.4512,67.184,High,893.268
Soybean,PRHPA,9,2016,8891.072,0,No,975.589
Soybean,PRHPA,9,2016,8936.7292,33.592,Low,975.589
Soybean,PRHPA,9,2016,8598.3208,67.184,High,975.589
Soybean,PRHPA,9,2017,7351.6024,0,No,771.679
Soybean,PRHPA,9,2017,7193.0672,33.58,Low,771.679
Soybean,PRHPA,9,2017,6830.798,67.206,High,771.679
Soybean,PRHPA,9,2018,7076.7468,0,No,719.684
Soybean,PRHPA,9,2018,6760.3636,33.592,Low,719.684
Soybean,PRHPA,9,2018,7004.2468,67.184,High,719.684
Soybean,PRHPA,10,1986,6064.7465,0,No,1012.173011
Soybean,PRHPA,10,1986,5971.102,33.592,Low,1012.173011
Soybean,PRHPA,10,1986,6274.1005,67.184,High,1012.173011
Soybean,PRHPA,10,2006,7999.0516,0,No,692.887
Soybean,PRHPA,10,2006,8086.2352,33.592,Low,692.887
Soybean,PRHPA,10,2006,7739.7964,67.184,High,692.887
Soybean,PRHPA,10,2019,6667.215333,0,No,642.8232
Soybean,PRHPA,10,2019,6568.56,33.592,Low,642.8232
Soybean,PRHPA,10,2019,5973.19,67.184,High,642.8232
Soybean,NH,8,2004,9274.015748,0,No,731.1939927
Soybean,NH,9,2006,9637.642169,0,No,763.7059999
Soybean,NH,9,2012,10147.50656,0,No,845.5916796
Soybean,NH,9,2016,13670.38496,0,No,958.7143
Soybean,NH,9,2017,8581.102362,0,No,988.666
Soybean,UMRB,9,2003,7570.723685,35.060256,Low,729
Soybean,UMRB,9,2005,8595.394737,35.342496,Low,1037.6
Soybean,UMRB,9,2007,6151.315789,0.4704,No,875.03
Soybean,UMRB,9,2009,6861.876641,19.665184,Low,768.858
Soybean,UMRB,9,2011,9404.527559,0,No,618.236
Soybean,UMRB,9,2013,6923.392389,0,No,602.234
Soybean,UMRB,9,2015,7706.692913,0,No,1013.76
